<ArrayList xmlns=""><item><id/><race>BLOODELF</race><level>81</level><strength>7</strength><armour>71</armour></item><item><id/><race>UNDEAD</race><level>28</level><strength>24</strength><armour>65</armour></item><item><id/><race>GOBLIN</race><level>64</level><strength>70</strength><armour>78</armour></item><item><id/><race>UNDEAD</race><level>38</level><strength>48</strength><armour>11</armour></item><item><id/><race>GOBLIN</race><level>47</level><strength>69</strength><armour>69</armour></item><item><id/><race>BLOODELF</race><level>46</level><strength>17</strength><armour>65</armour></item><item><id/><race>TAUREN</race><level>48</level><strength>59</strength><armour>83</armour></item><item><id/><race>GOBLIN</race><level>40</level><strength>8</strength><armour>52</armour></item><item><id/><race>BLOODELF</race><level>3</level><strength>50</strength><armour>69</armour></item><item><id/><race>GOBLIN</race><level>64</level><strength>44</strength><armour>93</armour></item><item><id/><race>ORC</race><level>19</level><strength>70</strength><armour>8</armour></item><item><id/><race>PANDAREN</race><level>24</level><strength>37</strength><armour>15</armour></item><item><id/><race>TAUREN</race><level>0</level><strength>69</strength><armour>0</armour></item><item><id/><race>UNDEAD</race><level>4</level><strength>83</strength><armour>35</armour></item><item><id/><race>BLOODELF</race><level>83</level><strength>10</strength><armour>39</armour></item><item><id/><race>PANDAREN</race><level>35</level><strength>14</strength><armour>42</armour></item><item><id/><race>TAUREN</race><level>35</level><strength>36</strength><armour>3</armour></item><item><id/><race>TAUREN</race><level>70</level><strength>45</strength><armour>58</armour></item><item><id/><race>GOBLIN</race><level>23</level><strength>74</strength><armour>99</armour></item><item><id/><race>ORC</race><level>39</level><strength>73</strength><armour>53</armour></item><item><id/><race>BLOODELF</race><level>69</level><strength>38</strength><armour>90</armour></item><item><id/><race>UNDEAD</race><level>71</level><strength>1</strength><armour>19</armour></item><item><id/><race>BLOODELF</race><level>52</level><strength>96</strength><armour>74</armour></item><item><id/><race>GOBLIN</race><level>19</level><strength>48</strength><armour>56</armour></item><item><id/><race>TROLL</race><level>43</level><strength>54</strength><armour>22</armour></item><item><id/><race>TROLL</race><level>32</level><strength>88</strength><armour>43</armour></item><item><id/><race>GOBLIN</race><level>57</level><strength>42</strength><armour>75</armour></item><item><id/><race>PANDAREN</race><level>75</level><strength>19</strength><armour>0</armour></item><item><id/><race>TROLL</race><level>74</level><strength>85</strength><armour>98</armour></item><item><id/><race>BLOODELF</race><level>80</level><strength>86</strength><armour>39</armour></item><item><id/><race>GOBLIN</race><level>65</level><strength>20</strength><armour>44</armour></item><item><id/><race>PANDAREN</race><level>28</level><strength>48</strength><armour>9</armour></item><item><id/><race>GOBLIN</race><level>53</level><strength>50</strength><armour>72</armour></item><item><id/><race>TROLL</race><level>82</level><strength>89</strength><armour>41</armour></item><item><id/><race>TROLL</race><level>75</level><strength>19</strength><armour>84</armour></item><item><id/><race>TAUREN</race><level>6</level><strength>8</strength><armour>25</armour></item><item><id/><race>ORC</race><level>47</level><strength>84</strength><armour>64</armour></item><item><id/><race>TAUREN</race><level>74</level><strength>27</strength><armour>44</armour></item><item><id/><race>TROLL</race><level>53</level><strength>66</strength><armour>41</armour></item><item><id/><race>GOBLIN</race><level>80</level><strength>3</strength><armour>90</armour></item><item><id/><race>UNDEAD</race><level>72</level><strength>38</strength><armour>79</armour></item><item><id/><race>PANDAREN</race><level>77</level><strength>91</strength><armour>80</armour></item><item><id/><race>TROLL</race><level>80</level><strength>3</strength><armour>55</armour></item><item><id/><race>TROLL</race><level>24</level><strength>40</strength><armour>43</armour></item><item><id/><race>TAUREN</race><level>37</level><strength>13</strength><armour>32</armour></item><item><id/><race>GOBLIN</race><level>1</level><strength>79</strength><armour>69</armour></item><item><id/><race>TROLL</race><level>69</level><strength>58</strength><armour>25</armour></item><item><id/><race>GOBLIN</race><level>62</level><strength>68</strength><armour>59</armour></item><item><id/><race>UNDEAD</race><level>71</level><strength>45</strength><armour>53</armour></item><item><id/><race>GOBLIN</race><level>84</level><strength>19</strength><armour>39</armour></item><item><id/><race>PANDAREN</race><level>76</level><strength>64</strength><armour>54</armour></item><item><id/><race>PANDAREN</race><level>32</level><strength>18</strength><armour>83</armour></item><item><id/><race>TAUREN</race><level>54</level><strength>11</strength><armour>98</armour></item><item><id/><race>UNDEAD</race><level>54</level><strength>84</strength><armour>7</armour></item><item><id/><race>ORC</race><level>21</level><strength>64</strength><armour>72</armour></item><item><id/><race>GOBLIN</race><level>56</level><strength>53</strength><armour>91</armour></item><item><id/><race>ORC</race><level>71</level><strength>51</strength><armour>64</armour></item><item><id/><race>UNDEAD</race><level>66</level><strength>28</strength><armour>58</armour></item><item><id/><race>PANDAREN</race><level>21</level><strength>33</strength><armour>38</armour></item><item><id/><race>PANDAREN</race><level>60</level><strength>47</strength><armour>52</armour></item><item><id/><race>ORC</race><level>0</level><strength>38</strength><armour>30</armour></item><item><id/><race>GOBLIN</race><level>79</level><strength>23</strength><armour>1</armour></item><item><id/><race>BLOODELF</race><level>43</level><strength>48</strength><armour>99</armour></item><item><id/><race>ORC</race><level>2</level><strength>11</strength><armour>75</armour></item><item><id/><race>UNDEAD</race><level>58</level><strength>12</strength><armour>6</armour></item><item><id/><race>TAUREN</race><level>53</level><strength>7</strength><armour>59</armour></item><item><id/><race>TAUREN</race><level>75</level><strength>78</strength><armour>63</armour></item><item><id/><race>UNDEAD</race><level>54</level><strength>63</strength><armour>35</armour></item><item><id/><race>UNDEAD</race><level>66</level><strength>66</strength><armour>28</armour></item><item><id/><race>BLOODELF</race><level>5</level><strength>99</strength><armour>45</armour></item><item><id/><race>GOBLIN</race><level>79</level><strength>63</strength><armour>96</armour></item><item><id/><race>ORC</race><level>22</level><strength>6</strength><armour>58</armour></item><item><id/><race>PANDAREN</race><level>80</level><strength>96</strength><armour>33</armour></item><item><id/><race>PANDAREN</race><level>40</level><strength>12</strength><armour>47</armour></item><item><id/><race>TAUREN</race><level>12</level><strength>63</strength><armour>45</armour></item><item><id/><race>TROLL</race><level>20</level><strength>45</strength><armour>79</armour></item><item><id/><race>BLOODELF</race><level>64</level><strength>24</strength><armour>24</armour></item><item><id/><race>GOBLIN</race><level>27</level><strength>50</strength><armour>19</armour></item><item><id/><race>TAUREN</race><level>23</level><strength>56</strength><armour>52</armour></item><item><id/><race>TAUREN</race><level>43</level><strength>13</strength><armour>44</armour></item><item><id/><race>ORC</race><level>13</level><strength>7</strength><armour>12</armour></item><item><id/><race>BLOODELF</race><level>50</level><strength>47</strength><armour>4</armour></item><item><id/><race>GOBLIN</race><level>57</level><strength>48</strength><armour>45</armour></item><item><id/><race>PANDAREN</race><level>2</level><strength>30</strength><armour>61</armour></item><item><id/><race>PANDAREN</race><level>32</level><strength>6</strength><armour>35</armour></item><item><id/><race>ORC</race><level>69</level><strength>93</strength><armour>76</armour></item><item><id/><race>GOBLIN</race><level>12</level><strength>83</strength><armour>79</armour></item><item><id/><race>PANDAREN</race><level>78</level><strength>25</strength><armour>71</armour></item><item><id/><race>TAUREN</race><level>4</level><strength>34</strength><armour>22</armour></item><item><id/><race>TAUREN</race><level>23</level><strength>95</strength><armour>10</armour></item><item><id/><race>ORC</race><level>54</level><strength>62</strength><armour>41</armour></item><item><id/><race>BLOODELF</race><level>66</level><strength>74</strength><armour>45</armour></item><item><id/><race>TROLL</race><level>25</level><strength>58</strength><armour>19</armour></item><item><id/><race>TAUREN</race><level>63</level><strength>51</strength><armour>55</armour></item><item><id/><race>UNDEAD</race><level>39</level><strength>28</strength><armour>70</armour></item><item><id/><race>TROLL</race><level>56</level><strength>65</strength><armour>16</armour></item><item><id/><race>BLOODELF</race><level>44</level><strength>80</strength><armour>13</armour></item><item><id/><race>PANDAREN</race><level>84</level><strength>33</strength><armour>80</armour></item><item><id/><race>GOBLIN</race><level>8</level><strength>19</strength><armour>38</armour></item><item><id/><race>GOBLIN</race><level>15</level><strength>76</strength><armour>26</armour></item></ArrayList>