
<beans xmlns="http://www.springframework.org/schema/beans"
	xmlns:jpa="http://www.springframework.org/schema/data/jpa" xmlns:xsi="http://www.w3.org/2001/XMLSchema-instance"
	xsi:schemaLocation="http://www.springframework.org/schema/beans
	http://www.springframework.org/schema/beans/spring-beans-2.5.xsd
	http://www.springframework.org/schema/data/jpa
   http://www.springframework.org/schema/data/jpa/spring-jpa-1.0.xsd">

<!-- 
	<bean id="entityManagerFactory"
		class="org.springframework.orm.jpa.LocalContainerEntityManagerFactoryBean">
		<property name="dataSource" ref="dataSource" />
		<property name="jpaDialect">
			<bean class="org.springframework.orm.jpa.vendor.HibernateJpaDialect" />
		</property>
		<property name="jpaVendorAdapter">
			<bean class="org.springframework.orm.jpa.vendor.HibernateJpaVendorAdapter">
				<property name="showSql" value="true" />
				<property name="generateDdl" value="true" />
				<property name="databasePlatform" value="org.hibernate.dialect.H2Dialect" />
			</bean>
		</property>
		<property name="persistenceUnitManager" ref="persistenceUnitManager" />
	</bean>

	<bean id="persistenceUnitManager"
		class="org.springframework.orm.jpa.persistenceunit.DefaultPersistenceUnitManager">
		<property name="defaultPersistenceUnitName" value="default" />
		<property name="persistenceXmlLocation" value="classpath:persistence.xml" />
		<property name="defaultDataSource" ref="dataSource" />
	</bean>

	<bean id="transactionManager" class="org.springframework.orm.jpa.JpaTransactionManager">
		<property name="entityManagerFactory" ref="entityManagerFactory" />
		<property name="dataSource" ref="dataSource" />
	</bean>

	<bean id="persistenceAnnotation"
		class="org.springframework.orm.jpa.support.PersistenceAnnotationBeanPostProcessor" />
	
	<jpa:repositories base-package="ca.bcit.comp2613.coursematerial.day09" />
 -->

	<bean id="dataSource"
		class="org.springframework.jdbc.datasource.DriverManagerDataSource">
		<property name="driverClassName" value="com.mysql.jdbc.Driver" />
<!-- 		<property name="url" -->
<!-- 			value="jdbc:mysql://sql3.freemysqlhosting.net/sql345717" /> -->
<!-- 		<property name="username" value="sql345717" /> -->
<!-- 		<property name="password" value="nU1*wF3*" /> -->
<property name="url" value="jdbc:mysql://localhost/sakila"/>
<property name="username" value="root"/>
<property name="password" value=""/>
	</bean>

</beans>
